ID,YEAR,STATE,RATE,DEATHS,URL
1,2005,Alabama,274.5,12869,/nchs/pressroom/states/alabama/al.htm
1,2014,Alabama,224,"12,461",/nchs/pressroom/states/alabama/al.htm
1,2015,Alabama,229.7,"12,981",/nchs/pressroom/states/alabama/al.htm
1,2016,Alabama,222.5,"12,832",/nchs/pressroom/states/alabama/al.htm
1,2017,Alabama,223.2,"13,110",/nchs/pressroom/states/alabama/al.htm
1,2018,Alabama,224.7,13473,/nchs/pressroom/states/alabama/al.htm
1,2019,Alabama,219.6,13448,/nchs/pressroom/states/alabama/al.htm
1,2020,Alabama,237.5,14739,/nchs/pressroom/states/alabama/al.htm
1,2021,Alabama,247.5,15173,/nchs/pressroom/states/alabama/al.htm
2,2005,Alaska,166.1,627,/nchs/pressroom/states/alaska/ak.htm
2,2014,Alaska,146.6,782,/nchs/pressroom/states/alaska/ak.htm
2,2015,Alaska,154.1,846,/nchs/pressroom/states/alaska/ak.htm
2,2016,Alaska,141,831,/nchs/pressroom/states/alaska/ak.htm
2,2017,Alaska,135,814,/nchs/pressroom/states/alaska/ak.htm
2,2018,Alaska,129.7,815,/nchs/pressroom/states/alaska/ak.htm
2,2019,Alaska,129.7,843,/nchs/pressroom/states/alaska/ak.htm
2,2020,Alaska,139.8,915,/nchs/pressroom/states/alaska/ak.htm
2,2021,Alaska,154.7,1011,/nchs/pressroom/states/alaska/ak.htm
4,2005,Arizona,189.8,10966,/nchs/pressroom/states/arizona/az.htm
4,2014,Arizona,136.4,"10,805",/nchs/pressroom/states/arizona/az.htm
4,2015,Arizona,138.8,"11,458",/nchs/pressroom/states/arizona/az.htm
4,2016,Arizona,138.9,"11,957",/nchs/pressroom/states/arizona/az.htm
4,2017,Arizona,141.9,"12,398",/nchs/pressroom/states/arizona/az.htm
4,2018,Arizona,136.4,12455,/nchs/pressroom/states/arizona/az.htm
4,2019,Arizona,134,12587,/nchs/pressroom/states/arizona/az.htm
4,2020,Arizona,144.8,14196,/nchs/pressroom/states/arizona/az.htm
4,2021,Arizona,158.3,14550,/nchs/pressroom/states/arizona/az.htm
5,2005,Arkansas,250.3,7575,/nchs/pressroom/states/arkansas/ar.htm
5,2014,Arkansas,217.5,"7,581",/nchs/pressroom/states/arkansas/ar.htm
5,2015,Arkansas,223.2,"7,938",/nchs/pressroom/states/arkansas/ar.htm
5,2016,Arkansas,223.7,"8,090",/nchs/pressroom/states/arkansas/ar.htm
5,2017,Arkansas,223.8,"8,270",/nchs/pressroom/states/arkansas/ar.htm
5,2018,Arkansas,217.4,8171,/nchs/pressroom/states/arkansas/ar.htm
5,2019,Arkansas,226.5,8669,/nchs/pressroom/states/arkansas/ar.htm
5,2020,Arkansas,222.5,8621,/nchs/pressroom/states/arkansas/ar.htm
5,2021,Arkansas,231,8547,/nchs/pressroom/states/arkansas/ar.htm
6,2005,California,203,64916,/nchs/pressroom/states/california/ca.htm
6,2014,California,142.2,"58,189",/nchs/pressroom/states/california/ca.htm
6,2015,California,145.6,"61,289",/nchs/pressroom/states/california/ca.htm
6,2016,California,143.1,"61,573",/nchs/pressroom/states/california/ca.htm
6,2017,California,142.9,"62,797",/nchs/pressroom/states/california/ca.htm
6,2018,California,139.7,62547,/nchs/pressroom/states/california/ca.htm
6,2019,California,136.9,62394,/nchs/pressroom/states/california/ca.htm
6,2020,California,144,66538,/nchs/pressroom/states/california/ca.htm
6,2021,California,147.8,65471,/nchs/pressroom/states/california/ca.htm
8,2005,Colorado,164.8,6307,/nchs/pressroom/states/colorado/co.htm
8,2014,Colorado,130.3,"6,900",/nchs/pressroom/states/colorado/co.htm
8,2015,Colorado,128.4,"7,009",/nchs/pressroom/states/colorado/co.htm
8,2016,Colorado,129.8,"7,277",/nchs/pressroom/states/colorado/co.htm
8,2017,Colorado,122.7,"7,060",/nchs/pressroom/states/colorado/co.htm
8,2018,Colorado,124.3,7370,/nchs/pressroom/states/colorado/co.htm
8,2019,Colorado,127.7,7762,/nchs/pressroom/states/colorado/co.htm
8,2020,Colorado,128.1,8023,/nchs/pressroom/states/colorado/co.htm
8,2021,Colorado,135.1,8081,/nchs/pressroom/states/colorado/co.htm
9,2005,Connecticut,180.7,7650,/nchs/pressroom/states/connecticut/ct.htm
9,2014,Connecticut,145.6,"7,018",/nchs/pressroom/states/connecticut/ct.htm
9,2015,Connecticut,147.8,"7,205",/nchs/pressroom/states/connecticut/ct.htm
9,2016,Connecticut,144.3,"7,051",/nchs/pressroom/states/connecticut/ct.htm
9,2017,Connecticut,141.6,"7,138",/nchs/pressroom/states/connecticut/ct.htm
9,2018,Connecticut,142.1,7205,/nchs/pressroom/states/connecticut/ct.htm
9,2019,Connecticut,143.1,7354,/nchs/pressroom/states/connecticut/ct.htm
9,2020,Connecticut,138.4,7110,/nchs/pressroom/states/connecticut/ct.htm
9,2021,Connecticut,136.7,6731,/nchs/pressroom/states/connecticut/ct.htm
10,2005,District of Columbia,444.7,2000,
10,2014,District of Columbia,234.6,"3,000",
10,2015,District of Columbia,155.9,"4,000",
10,2016,District of Columbia,133.5,"5,000",
10,2017,District of Columbia,121.6,"6,000",
10,2018,District of Columbia,146.3,7000,
10,2019,District of Columbia,121.5,8000,
10,2020,Delaware,159.6,2171,/nchs/pressroom/states/delaware/de.htm
10,2021,Delaware,162.7,2183,/nchs/pressroom/states/delaware/de.htm
11,2005,Delaware,232.3,2031,/nchs/pressroom/states/delaware/de.htm
11,2014,Delaware,168.7,"1,921",/nchs/pressroom/states/delaware/de.htm
11,2015,Delaware,165.2,"1,940",/nchs/pressroom/states/delaware/de.htm
11,2016,Delaware,163.2,"1,974",/nchs/pressroom/states/delaware/de.htm
11,2017,Delaware,158.4,"1,990",/nchs/pressroom/states/delaware/de.htm
11,2018,Delaware,159.1,2030,/nchs/pressroom/states/delaware/de.htm
11,2019,Delaware,154.3,2053,/nchs/pressroom/states/delaware/de.htm
11,2020,District of Columbia,111.9,9000,
11,2021,District of Columbia,156.5,4999,
12,2005,Florida,200,46279,/nchs/pressroom/states/florida/fl.htm
12,2014,Florida,151.3,"44,511",/nchs/pressroom/states/florida/fl.htm
12,2015,Florida,149.8,"45,441",/nchs/pressroom/states/florida/fl.htm
12,2016,Florida,146.2,"45,659",/nchs/pressroom/states/florida/fl.htm
12,2017,Florida,145.8,"46,440",/nchs/pressroom/states/florida/fl.htm
12,2018,Florida,143.1,47027,/nchs/pressroom/states/florida/fl.htm
12,2019,Florida,140.1,47144,/nchs/pressroom/states/florida/fl.htm
12,2020,Florida,143.1,49287,/nchs/pressroom/states/florida/fl.htm
12,2021,Florida,151.3,50100,/nchs/pressroom/states/florida/fl.htm
13,2005,Georgia,236,16781,/nchs/pressroom/states/georgia/ga.htm
13,2014,Georgia,179.7,"17,107",/nchs/pressroom/states/georgia/ga.htm
13,2015,Georgia,180.2,"17,769",/nchs/pressroom/states/georgia/ga.htm
13,2016,Georgia,179,"18,143",/nchs/pressroom/states/georgia/ga.htm
13,2017,Georgia,175.8,"18,389",/nchs/pressroom/states/georgia/ga.htm
13,2018,Georgia,175.8,18986,/nchs/pressroom/states/georgia/ga.htm
13,2019,Georgia,175.5,19543,/nchs/pressroom/states/georgia/ga.htm
13,2020,Georgia,183.7,21116,/nchs/pressroom/states/georgia/ga.htm
13,2021,Georgia,195.2,21931,/nchs/pressroom/states/georgia/ga.htm
15,2005,Hawaii,160.9,2319,/nchs/pressroom/states/hawaii/hi.htm
15,2014,Hawaii,136.7,"2,528",/nchs/pressroom/states/hawaii/hi.htm
15,2015,Hawaii,135.6,"2,605",/nchs/pressroom/states/hawaii/hi.htm
15,2016,Hawaii,127,"2,488",/nchs/pressroom/states/hawaii/hi.htm
15,2017,Hawaii,129.8,"2,575",/nchs/pressroom/states/hawaii/hi.htm
15,2018,Hawaii,125.6,2570,/nchs/pressroom/states/hawaii/hi.htm
15,2019,Hawaii,120.3,2503,/nchs/pressroom/states/hawaii/hi.htm
15,2020,Hawaii,125,2623,/nchs/pressroom/states/hawaii/hi.htm
15,2021,Hawaii,126.5,2651,/nchs/pressroom/states/hawaii/hi.htm
16,2005,Idaho,182.6,2450,/nchs/pressroom/states/idaho/id.htm
16,2014,Idaho,152.8,"2,676",/nchs/pressroom/states/idaho/id.htm
16,2015,Idaho,156.4,"2,825",/nchs/pressroom/states/idaho/id.htm
16,2016,Idaho,160,"2,969",/nchs/pressroom/states/idaho/id.htm
16,2017,Idaho,162.4,"3,084",/nchs/pressroom/states/idaho/id.htm
16,2018,Idaho,157.9,3122,/nchs/pressroom/states/idaho/id.htm
16,2019,Idaho,150.7,3061,/nchs/pressroom/states/idaho/id.htm
16,2020,Idaho,151.9,3191,/nchs/pressroom/states/idaho/id.htm
16,2021,Idaho,166.4,3429,/nchs/pressroom/states/idaho/id.htm
17,2005,Illinois,220.7,28226,/nchs/pressroom/states/illinois/il.htm
17,2014,Illinois,169.7,"25,024",/nchs/pressroom/states/illinois/il.htm
17,2015,Illinois,171.5,"25,652",/nchs/pressroom/states/illinois/il.htm
17,2016,Illinois,165.7,"25,013",/nchs/pressroom/states/illinois/il.htm
17,2017,Illinois,163.3,"25,394",/nchs/pressroom/states/illinois/il.htm
17,2018,Illinois,163.9,25755,/nchs/pressroom/states/illinois/il.htm
17,2019,Illinois,162,25690,/nchs/pressroom/states/illinois/il.htm
17,2020,Illinois,171.4,27460,/nchs/pressroom/states/illinois/il.htm
17,2021,Illinois,169.8,26291,/nchs/pressroom/states/illinois/il.htm
18,2005,Indiana,227.9,14542,/nchs/pressroom/states/indiana/in.htm
18,2014,Indiana,182.7,"13,764",/nchs/pressroom/states/indiana/in.htm
18,2015,Indiana,182.3,"13,948",/nchs/pressroom/states/indiana/in.htm
18,2016,Indiana,180.6,"13,952",/nchs/pressroom/states/indiana/in.htm
18,2017,Indiana,183.2,"14,445",/nchs/pressroom/states/indiana/in.htm
18,2018,Indiana,180.7,14532,/nchs/pressroom/states/indiana/in.htm
18,2019,Indiana,178.8,14555,/nchs/pressroom/states/indiana/in.htm
18,2020,Indiana,183.9,15169,/nchs/pressroom/states/indiana/in.htm
18,2021,Indiana,191.2,15209,/nchs/pressroom/states/indiana/in.htm
19,2005,Iowa,196.6,7437,/nchs/pressroom/states/iowa/ia.htm
19,2014,Iowa,157.3,"6,615",/nchs/pressroom/states/iowa/ia.htm
19,2015,Iowa,160.9,"6,813",/nchs/pressroom/states/iowa/ia.htm
19,2016,Iowa,162.8,"6,937",/nchs/pressroom/states/iowa/ia.htm
19,2017,Iowa,167.4,"7,180",/nchs/pressroom/states/iowa/ia.htm
19,2018,Iowa,165.1,7185,/nchs/pressroom/states/iowa/ia.htm
19,2019,Iowa,172.9,7505,/nchs/pressroom/states/iowa/ia.htm
19,2020,Iowa,172.9,7499,/nchs/pressroom/states/iowa/ia.htm
19,2021,Iowa,184.9,7704,/nchs/pressroom/states/iowa/ia.htm
20,2005,Kansas,192.6,5960,/nchs/pressroom/states/kansas/ks.htm
20,2014,Kansas,157.4,"5,479",/nchs/pressroom/states/kansas/ks.htm
20,2015,Kansas,158.5,"5,624",/nchs/pressroom/states/kansas/ks.htm
20,2016,Kansas,159.2,"5,672",/nchs/pressroom/states/kansas/ks.htm
20,2017,Kansas,157.9,"5,723",/nchs/pressroom/states/kansas/ks.htm
20,2018,Kansas,158.9,5823,/nchs/pressroom/states/kansas/ks.htm
20,2019,Kansas,166,6140,/nchs/pressroom/states/kansas/ks.htm
20,2020,Kansas,167,6264,/nchs/pressroom/states/kansas/ks.htm
20,2021,Kansas,176.1,6315,/nchs/pressroom/states/kansas/ks.htm
21,2005,Kentucky,257.3,10782,/nchs/pressroom/states/kentucky/ky.htm
21,2014,Kentucky,200.5,"10,013",/nchs/pressroom/states/kentucky/ky.htm
21,2015,Kentucky,197.8,"10,077",/nchs/pressroom/states/kentucky/ky.htm
21,2016,Kentucky,203,"10,519",/nchs/pressroom/states/kentucky/ky.htm
21,2017,Kentucky,195.9,"10,343",/nchs/pressroom/states/kentucky/ky.htm
21,2018,Kentucky,198.3,10697,/nchs/pressroom/states/kentucky/ky.htm
21,2019,Kentucky,196.4,10742,/nchs/pressroom/states/kentucky/ky.htm
21,2020,Kentucky,204.5,11345,/nchs/pressroom/states/kentucky/ky.htm
21,2021,Kentucky,217.5,11697,/nchs/pressroom/states/kentucky/ky.htm
22,2005,Louisiana,256.9,11008,/nchs/pressroom/states/louisiana/la.htm
22,2014,Louisiana,216.3,"10,647",/nchs/pressroom/states/louisiana/la.htm
22,2015,Louisiana,212.1,"10,665",/nchs/pressroom/states/louisiana/la.htm
22,2016,Louisiana,213.1,"10,943",/nchs/pressroom/states/louisiana/la.htm
22,2017,Louisiana,214.4,"11,260",/nchs/pressroom/states/louisiana/la.htm
22,2018,Louisiana,212.2,11340,/nchs/pressroom/states/louisiana/la.htm
22,2019,Louisiana,207.8,11302,/nchs/pressroom/states/louisiana/la.htm
22,2020,Louisiana,221.5,12255,/nchs/pressroom/states/louisiana/la.htm
22,2021,Louisiana,235.5,12564,/nchs/pressroom/states/louisiana/la.htm
23,2005,Maine,186.5,2941,/nchs/pressroom/states/maine/me.htm
23,2014,Maine,147.9,"2,776",/nchs/pressroom/states/maine/me.htm
23,2015,Maine,157.3,"3,009",/nchs/pressroom/states/maine/me.htm
23,2016,Maine,149.5,"2,907",/nchs/pressroom/states/maine/me.htm
23,2017,Maine,143.5,"2,844",/nchs/pressroom/states/maine/me.htm
23,2018,Maine,147,2965,/nchs/pressroom/states/maine/me.htm
23,2019,Maine,142.4,2940,/nchs/pressroom/states/maine/me.htm
23,2020,Maine,146.2,3035,/nchs/pressroom/states/maine/me.htm
23,2021,Maine,168.4,3357,/nchs/pressroom/states/maine/me.htm
24,2005,Maryland,217.9,11594,/nchs/pressroom/states/maryland/md.htm
24,2014,Maryland,167.8,"11,135",/nchs/pressroom/states/maryland/md.htm
24,2015,Maryland,169.3,"11,481",/nchs/pressroom/states/maryland/md.htm
24,2016,Maryland,164.3,"11,390",/nchs/pressroom/states/maryland/md.htm
24,2017,Maryland,164.5,"11,653",/nchs/pressroom/states/maryland/md.htm
24,2018,Maryland,161.9,11683,/nchs/pressroom/states/maryland/md.htm
24,2019,Maryland,159.3,11770,/nchs/pressroom/states/maryland/md.htm
24,2020,Maryland,168.3,12624,/nchs/pressroom/states/maryland/md.htm
24,2021,Maryland,165.2,12138,/nchs/pressroom/states/maryland/md.htm
25,2005,Massachusetts,179,13280,/nchs/pressroom/states/massachusetts/ma.htm
25,2014,Massachusetts,137.1,"11,817",/nchs/pressroom/states/massachusetts/ma.htm
25,2015,Massachusetts,138.5,"12,130",/nchs/pressroom/states/massachusetts/ma.htm
25,2016,Massachusetts,134.8,"11,921",/nchs/pressroom/states/massachusetts/ma.htm
25,2017,Massachusetts,134.6,"12,140",/nchs/pressroom/states/massachusetts/ma.htm
25,2018,Massachusetts,131.5,12036,/nchs/pressroom/states/massachusetts/ma.htm
25,2019,Massachusetts,127.2,11761,/nchs/pressroom/states/massachusetts/ma.htm
25,2020,Massachusetts,126.9,11781,/nchs/pressroom/states/massachusetts/ma.htm
25,2021,Massachusetts,134,11947,/nchs/pressroom/states/massachusetts/ma.htm
26,2005,Michigan,241.3,25128,/nchs/pressroom/states/michigan/mi.htm
26,2014,Michigan,200.9,"24,692",/nchs/pressroom/states/michigan/mi.htm
26,2015,Michigan,198.9,"24,794",/nchs/pressroom/states/michigan/mi.htm
26,2016,Michigan,200.6,"25,304",/nchs/pressroom/states/michigan/mi.htm
26,2017,Michigan,196.1,"25,187",/nchs/pressroom/states/michigan/mi.htm
26,2018,Michigan,195,25354,/nchs/pressroom/states/michigan/mi.htm
26,2019,Michigan,193.8,25547,/nchs/pressroom/states/michigan/mi.htm
26,2020,Michigan,205,27127,/nchs/pressroom/states/michigan/mi.htm
26,2021,Michigan,209.6,26664,/nchs/pressroom/states/michigan/mi.htm
27,2005,Minnesota,145.4,7926,/nchs/pressroom/states/minnesota/mn.htm
27,2014,Minnesota,116.5,"7,659",/nchs/pressroom/states/minnesota/mn.htm
27,2015,Minnesota,116.6,"7,844",/nchs/pressroom/states/minnesota/mn.htm
27,2016,Minnesota,114.9,"7,825",/nchs/pressroom/states/minnesota/mn.htm
27,2017,Minnesota,119.1,"8,230",/nchs/pressroom/states/minnesota/mn.htm
27,2018,Minnesota,119,8408,/nchs/pressroom/states/minnesota/mn.htm
27,2019,Minnesota,116.7,8401,/nchs/pressroom/states/minnesota/mn.htm
27,2020,Minnesota,118.1,8562,/nchs/pressroom/states/minnesota/mn.htm
27,2021,Minnesota,123.9,8568,/nchs/pressroom/states/minnesota/mn.htm
28,2005,Mississippi,306.4,8637,/nchs/pressroom/states/mississippi/ms.htm
28,2014,Mississippi,229.9,"7,538",/nchs/pressroom/states/mississippi/ms.htm
28,2015,Mississippi,240.5,"7,969",/nchs/pressroom/states/mississippi/ms.htm
28,2016,Mississippi,233.1,"7,865",/nchs/pressroom/states/mississippi/ms.htm
28,2017,Mississippi,231.6,"7,944",/nchs/pressroom/states/mississippi/ms.htm
28,2018,Mississippi,222.1,7758,/nchs/pressroom/states/mississippi/ms.htm
28,2019,Mississippi,226.7,7997,/nchs/pressroom/states/mississippi/ms.htm
28,2020,Mississippi,245.6,8809,/nchs/pressroom/states/mississippi/ms.htm
28,2021,Mississippi,255.2,8837,/nchs/pressroom/states/mississippi/ms.htm
29,2005,Missouri,236.7,14974,/nchs/pressroom/states/missouri/mo.htm
29,2014,Missouri,194.7,"14,338",/nchs/pressroom/states/missouri/mo.htm
29,2015,Missouri,197.9,"14,808",/nchs/pressroom/states/missouri/mo.htm
29,2016,Missouri,192.1,"14,579",/nchs/pressroom/states/missouri/mo.htm
29,2017,Missouri,191.1,"14,820",/nchs/pressroom/states/missouri/mo.htm
29,2018,Missouri,188.4,14893,/nchs/pressroom/states/missouri/mo.htm
29,2019,Missouri,187,15018,/nchs/pressroom/states/missouri/mo.htm
29,2020,Missouri,196.7,15934,/nchs/pressroom/states/missouri/mo.htm
29,2021,Missouri,202.4,15713,/nchs/pressroom/states/missouri/mo.htm
30,2005,Montana,172.2,1855,/nchs/pressroom/states/montana/mt.htm
30,2014,Montana,147.8,"1,957",/nchs/pressroom/states/montana/mt.htm
30,2015,Montana,155.8,"2,104",/nchs/pressroom/states/montana/mt.htm
30,2016,Montana,154.4,"2,138",/nchs/pressroom/states/montana/mt.htm
30,2017,Montana,155,"2,164",/nchs/pressroom/states/montana/mt.htm
30,2018,Montana,163.2,2347,/nchs/pressroom/states/montana/mt.htm
30,2019,Montana,157.1,2290,/nchs/pressroom/states/montana/mt.htm
30,2020,Montana,162.7,2424,/nchs/pressroom/states/montana/mt.htm
30,2021,Montana,175.2,2536,/nchs/pressroom/states/montana/mt.htm
31,2005,Nebraska,179.4,3640,/nchs/pressroom/states/nebraska/ne.htm
31,2014,Nebraska,143,"3,296",/nchs/pressroom/states/nebraska/ne.htm
31,2015,Nebraska,154.5,"3,591",/nchs/pressroom/states/nebraska/ne.htm
31,2016,Nebraska,140.3,"3,322",/nchs/pressroom/states/nebraska/ne.htm
31,2017,Nebraska,149.3,"3,581",/nchs/pressroom/states/nebraska/ne.htm
31,2018,Nebraska,145.7,3539,/nchs/pressroom/states/nebraska/ne.htm
31,2019,Nebraska,144.9,3540,/nchs/pressroom/states/nebraska/ne.htm
31,2020,Nebraska,143.8,3532,/nchs/pressroom/states/nebraska/ne.htm
31,2021,Nebraska,160.8,3776,/nchs/pressroom/states/nebraska/ne.htm
32,2005,Nevada,246.7,5094,/nchs/pressroom/states/nevada/nv.htm
32,2014,Nevada,197.2,"5,761",/nchs/pressroom/states/nevada/nv.htm
32,2015,Nevada,200.9,"6,114",/nchs/pressroom/states/nevada/nv.htm
32,2016,Nevada,205.9,"6,457",/nchs/pressroom/states/nevada/nv.htm
32,2017,Nevada,199.3,"6,417",/nchs/pressroom/states/nevada/nv.htm
32,2018,Nevada,190.7,6393,/nchs/pressroom/states/nevada/nv.htm
32,2019,Nevada,198.1,6864,/nchs/pressroom/states/nevada/nv.htm
32,2020,Nevada,201.3,7285,/nchs/pressroom/states/nevada/nv.htm
32,2021,Nevada,208.1,7352,/nchs/pressroom/states/nevada/nv.htm
33,2005,New Hampshire,189.8,2530,/nchs/pressroom/states/newhampshire/nh.htm
33,2014,New Hampshire,147.9,"2,464",/nchs/pressroom/states/newhampshire/nh.htm
33,2015,New Hampshire,149,"2,571",/nchs/pressroom/states/newhampshire/nh.htm
33,2016,New Hampshire,151.1,"2,631",/nchs/pressroom/states/newhampshire/nh.htm
33,2017,New Hampshire,149.7,"2,721",/nchs/pressroom/states/newhampshire/nh.htm
33,2018,New Hampshire,151,2786,/nchs/pressroom/states/newhampshire/nh.htm
33,2019,New Hampshire,143.4,2707,/nchs/pressroom/states/newhampshire/nh.htm
33,2020,New Hampshire,146.5,2814,/nchs/pressroom/states/newhampshire/nh.htm
33,2021,New Hampshire,154.1,2845,/nchs/pressroom/states/newhampshire/nh.htm
34,2005,New Jersey,219.1,20655,/nchs/pressroom/states/newjersey/nj.htm
34,2014,New Jersey,166.3,"18,319",/nchs/pressroom/states/newjersey/nj.htm
34,2015,New Jersey,166.7,"18,647",/nchs/pressroom/states/newjersey/nj.htm
34,2016,New Jersey,164.7,"18,597",/nchs/pressroom/states/newjersey/nj.htm
34,2017,New Jersey,162.3,"18,840",/nchs/pressroom/states/newjersey/nj.htm
34,2018,New Jersey,163,19047,/nchs/pressroom/states/newjersey/nj.htm
34,2019,New Jersey,158,18716,/nchs/pressroom/states/newjersey/nj.htm
34,2020,New Jersey,166.3,19744,/nchs/pressroom/states/newjersey/nj.htm
34,2021,New Jersey,157.5,18508,/nchs/pressroom/states/newjersey/nj.htm
35,2005,New Mexico,186.3,3435,/nchs/pressroom/states/newmexico/nm.htm
35,2014,New Mexico,143.3,"3,424",/nchs/pressroom/states/newmexico/nm.htm
35,2015,New Mexico,142.4,"3,508",/nchs/pressroom/states/newmexico/nm.htm
35,2016,New Mexico,150.6,"3,800",/nchs/pressroom/states/newmexico/nm.htm
35,2017,New Mexico,151.4,"3,896",/nchs/pressroom/states/newmexico/nm.htm
35,2018,New Mexico,148.2,3935,/nchs/pressroom/states/newmexico/nm.htm
35,2019,New Mexico,158.2,4245,/nchs/pressroom/states/newmexico/nm.htm
35,2020,New Mexico,152.7,4219,/nchs/pressroom/states/newmexico/nm.htm
35,2021,New Mexico,156.5,4182,/nchs/pressroom/states/newmexico/nm.htm
36,2005,New York,248.3,51985,/nchs/pressroom/states/newyork/ny.htm
36,2014,New York,178.3,"43,116",/nchs/pressroom/states/newyork/ny.htm
36,2015,New York,181.6,"44,450",/nchs/pressroom/states/newyork/ny.htm
36,2016,New York,177.8,"44,076",/nchs/pressroom/states/newyork/ny.htm
36,2017,New York,171.2,"44,092",/nchs/pressroom/states/newyork/ny.htm
36,2018,New York,171.9,44499,/nchs/pressroom/states/newyork/ny.htm
36,2019,New York,166.6,43806,/nchs/pressroom/states/newyork/ny.htm
36,2020,New York,183.9,48546,/nchs/pressroom/states/newyork/ny.htm
36,2021,New York,162.3,42434,/nchs/pressroom/states/newyork/ny.htm
37,2005,North Carolina,211.6,17765,/nchs/pressroom/states/northcarolina/nc.htm
37,2014,North Carolina,158.7,"17,592",/nchs/pressroom/states/northcarolina/nc.htm
37,2015,North Carolina,162.4,"18,474",/nchs/pressroom/states/northcarolina/nc.htm
37,2016,North Carolina,155.8,"18,266",/nchs/pressroom/states/northcarolina/nc.htm
37,2017,North Carolina,156.5,"18,808",/nchs/pressroom/states/northcarolina/nc.htm
37,2018,North Carolina,155.5,19222,/nchs/pressroom/states/northcarolina/nc.htm
37,2019,North Carolina,154.7,19617,/nchs/pressroom/states/northcarolina/nc.htm
37,2020,North Carolina,156.2,20373,/nchs/pressroom/states/northcarolina/nc.htm
37,2021,North Carolina,170.9,21302,/nchs/pressroom/states/northcarolina/nc.htm
38,2005,North Dakota,181.2,1512,/nchs/pressroom/states/northdakota/nd.htm
38,2014,North Dakota,149.2,"1,381",/nchs/pressroom/states/northdakota/nd.htm
38,2015,North Dakota,142.4,"1,323",/nchs/pressroom/states/northdakota/nd.htm
38,2016,North Dakota,140.9,"1,338",/nchs/pressroom/states/northdakota/nd.htm
38,2017,North Dakota,137.8,"1,326",/nchs/pressroom/states/northdakota/nd.htm
38,2018,North Dakota,140,1361,/nchs/pressroom/states/northdakota/nd.htm
38,2019,North Dakota,147.7,1448,/nchs/pressroom/states/northdakota/nd.htm
38,2020,North Dakota,147.3,1449,/nchs/pressroom/states/northdakota/nd.htm
38,2021,North Dakota,152.8,1442,/nchs/pressroom/states/northdakota/nd.htm
39,2005,Ohio,231.9,29003,/nchs/pressroom/states/ohio/oh.htm
39,2014,Ohio,186.4,"27,000",/nchs/pressroom/states/ohio/oh.htm
39,2015,Ohio,191.7,"28,069",/nchs/pressroom/states/ohio/oh.htm
39,2016,Ohio,185.1,"27,410",/nchs/pressroom/states/ohio/oh.htm
39,2017,Ohio,186.2,"28,008",/nchs/pressroom/states/ohio/oh.htm
39,2018,Ohio,191.1,29220,/nchs/pressroom/states/ohio/oh.htm
39,2019,Ohio,188.8,29160,/nchs/pressroom/states/ohio/oh.htm
39,2020,Ohio,196.9,30547,/nchs/pressroom/states/ohio/oh.htm
39,2021,Ohio,204.7,30578,/nchs/pressroom/states/ohio/oh.htm
40,2005,Oklahoma,272.4,10043,/nchs/pressroom/states/oklahoma/ok.htm
40,2014,Oklahoma,228.1,"9,868",/nchs/pressroom/states/oklahoma/ok.htm
40,2015,Oklahoma,234,"10,310",/nchs/pressroom/states/oklahoma/ok.htm
40,2016,Oklahoma,228.2,"10,209",/nchs/pressroom/states/oklahoma/ok.htm
40,2017,Oklahoma,237.2,"10,772",/nchs/pressroom/states/oklahoma/ok.htm
40,2018,Oklahoma,228.5,10634,/nchs/pressroom/states/oklahoma/ok.htm
40,2019,Oklahoma,231.4,10960,/nchs/pressroom/states/oklahoma/ok.htm
40,2020,Oklahoma,244.1,11758,/nchs/pressroom/states/oklahoma/ok.htm
40,2021,Oklahoma,264.2,12158,/nchs/pressroom/states/oklahoma/ok.htm
41,2005,Oregan,169.6,6791,/nchs/pressroom/states/oregon/or.htm
41,2014,Oregan,132.1,"6,524",/nchs/pressroom/states/oregon/or.htm
41,2015,Oregan,136.1,"6,859",/nchs/pressroom/states/oregon/or.htm
41,2016,Oregan,135,"6,968",/nchs/pressroom/states/oregon/or.htm
41,2017,Oregan,134,"6,942",/nchs/pressroom/states/oregon/or.htm
41,2018,Oregan,128.4,6820,/nchs/pressroom/states/oregon/or.htm
41,2019,Oregan,131,7128,/nchs/pressroom/states/oregon/or.htm
41,2020,Oregan,134,7371,/nchs/pressroom/states/oregon/or.htm
41,2021,Oregan,148.5,7823,/nchs/pressroom/states/oregon/or.htm
42,2005,Pennsyilvania,229.3,36207,/nchs/pressroom/states/pennsylvania/pa.htm
42,2014,Pennsyilvania,175.8,"31,353",/nchs/pressroom/states/pennsylvania/pa.htm
42,2015,Pennsyilvania,177.8,"32,042",/nchs/pressroom/states/pennsylvania/pa.htm
42,2016,Pennsyilvania,176.2,"31,990",/nchs/pressroom/states/pennsylvania/pa.htm
42,2017,Pennsyilvania,176,"32,312",/nchs/pressroom/states/pennsylvania/pa.htm
42,2018,Pennsyilvania,176.1,32768,/nchs/pressroom/states/pennsylvania/pa.htm
42,2019,Pennsyilvania,172.9,32299,/nchs/pressroom/states/pennsylvania/pa.htm
42,2020,Pennsyilvania,175.7,32936,/nchs/pressroom/states/pennsylvania/pa.htm
42,2021,Pennsyilvania,180.6,32478,/nchs/pressroom/states/pennsylvania/pa.htm
44,2005,Rhode Island,226.8,3005,/nchs/pressroom/states/rhodeisland/ri.htm
44,2014,Rhode Island,160.8,"2,341",/nchs/pressroom/states/rhodeisland/ri.htm
44,2015,Rhode Island,160.4,"2,371",/nchs/pressroom/states/rhodeisland/ri.htm
44,2016,Rhode Island,152.4,"2,256",/nchs/pressroom/states/rhodeisland/ri.htm
44,2017,Rhode Island,155.7,"2,339",/nchs/pressroom/states/rhodeisland/ri.htm
44,2018,Rhode Island,158.9,2411,/nchs/pressroom/states/rhodeisland/ri.htm
44,2019,Rhode Island,159.3,2404,/nchs/pressroom/states/rhodeisland/ri.htm
44,2020,Rhode Island,150.5,2319,/nchs/pressroom/states/rhodeisland/ri.htm
44,2021,Rhode Island,158.7,2359,/nchs/pressroom/states/rhodeisland/ri.htm
45,2005,South Carolina,223.9,9359,/nchs/pressroom/states/southcarolina/sc.htm
45,2014,South Carolina,181.1,"9,964",/nchs/pressroom/states/southcarolina/sc.htm
45,2015,South Carolina,177.8,"10,092",/nchs/pressroom/states/southcarolina/sc.htm
45,2016,South Carolina,173.8,"10,195",/nchs/pressroom/states/southcarolina/sc.htm
45,2017,South Carolina,172,"10,418",/nchs/pressroom/states/southcarolina/sc.htm
45,2018,South Carolina,167,10464,/nchs/pressroom/states/southcarolina/sc.htm
45,2019,South Carolina,164,10579,/nchs/pressroom/states/southcarolina/sc.htm
45,2020,South Carolina,170.9,11385,/nchs/pressroom/states/southcarolina/sc.htm
45,2021,South Carolina,189.1,12118,/nchs/pressroom/states/southcarolina/sc.htm
46,2005,South Dakota,186.3,1776,/nchs/pressroom/states/southdakota/sd.htm
46,2014,South Dakota,154.6,"1,704",/nchs/pressroom/states/southdakota/sd.htm
46,2015,South Dakota,150.9,"1,711",/nchs/pressroom/states/southdakota/sd.htm
46,2016,South Dakota,153.4,"1,729",/nchs/pressroom/states/southdakota/sd.htm
46,2017,South Dakota,150.1,"1,710",/nchs/pressroom/states/southdakota/sd.htm
46,2018,South Dakota,156.3,1796,/nchs/pressroom/states/southdakota/sd.htm
46,2019,South Dakota,158.1,1840,/nchs/pressroom/states/southdakota/sd.htm
46,2020,South Dakota,155.2,1820,/nchs/pressroom/states/southdakota/sd.htm
46,2021,South Dakota,153,1695,/nchs/pressroom/states/southdakota/sd.htm
47,2005,Tennessee,251.2,14946,/nchs/pressroom/states/tennessee/tn.htm
47,2014,Tennessee,205.6,"15,223",/nchs/pressroom/states/tennessee/tn.htm
47,2015,Tennessee,207.3,"15,730",/nchs/pressroom/states/tennessee/tn.htm
47,2016,Tennessee,198.8,"15,429",/nchs/pressroom/states/tennessee/tn.htm
47,2017,Tennessee,202.2,"16,019",/nchs/pressroom/states/tennessee/tn.htm
47,2018,Tennessee,202.4,16417,/nchs/pressroom/states/tennessee/tn.htm
47,2019,Tennessee,202.8,16814,/nchs/pressroom/states/tennessee/tn.htm
47,2020,Tennessee,212,17943,/nchs/pressroom/states/tennessee/tn.htm
47,2021,Tennessee,223.8,18468,/nchs/pressroom/states/tennessee/tn.htm
48,2005,Texas,220.4,40152,/nchs/pressroom/states/texas/tx.htm
48,2014,Texas,169.9,"41,479",/nchs/pressroom/states/texas/tx.htm
48,2015,Texas,171.6,"43,298",/nchs/pressroom/states/texas/tx.htm
48,2016,Texas,167.7,"43,772",/nchs/pressroom/states/texas/tx.htm
48,2017,Texas,169.2,"45,346",/nchs/pressroom/states/texas/tx.htm
48,2018,Texas,170,46763,/nchs/pressroom/states/texas/tx.htm
48,2019,Texas,163.4,46139,/nchs/pressroom/states/texas/tx.htm
48,2020,Texas,173.9,50281,/nchs/pressroom/states/texas/tx.htm
48,2021,Texas,180.7,50584,/nchs/pressroom/states/texas/tx.htm
49,2005,Utah,167.9,2872,/nchs/pressroom/states/utah/ut.htm
49,2014,Utah,151,"3,431",/nchs/pressroom/states/utah/ut.htm
49,2015,Utah,152.9,"3,598",/nchs/pressroom/states/utah/ut.htm
49,2016,Utah,150,"3,636",/nchs/pressroom/states/utah/ut.htm
49,2017,Utah,150.2,"3,749",/nchs/pressroom/states/utah/ut.htm
49,2018,Utah,146.4,3749,/nchs/pressroom/states/utah/ut.htm
49,2019,Utah,146.5,3882,/nchs/pressroom/states/utah/ut.htm
49,2020,Utah,155.6,4251,/nchs/pressroom/states/utah/ut.htm
49,2021,Utah,162.4,4275,/nchs/pressroom/states/utah/ut.htm
50,2005,Vermont,180.5,1234,/nchs/pressroom/states/vermont/vt.htm
50,2014,Vermont,156.6,"1,311",/nchs/pressroom/states/vermont/vt.htm
50,2015,Vermont,152.5,"1,311",/nchs/pressroom/states/vermont/vt.htm
50,2016,Vermont,158.8,"1,366",/nchs/pressroom/states/vermont/vt.htm
50,2017,Vermont,152.5,"1,332",/nchs/pressroom/states/vermont/vt.htm
50,2018,Vermont,150.5,1338,/nchs/pressroom/states/vermont/vt.htm
50,2019,Vermont,151.6,1368,/nchs/pressroom/states/vermont/vt.htm
50,2020,Vermont,167.1,1521,/nchs/pressroom/states/vermont/vt.htm
50,2021,Vermont,175.7,1585,/nchs/pressroom/states/vermont/vt.htm
51,2005,Virginia,203,14192,/nchs/pressroom/states/virginia/va.htm
51,2014,Virginia,156.1,"13,874",/nchs/pressroom/states/virginia/va.htm
51,2015,Virginia,154.2,"14,077",/nchs/pressroom/states/virginia/va.htm
51,2016,Virginia,150.7,"14,124",/nchs/pressroom/states/virginia/va.htm
51,2017,Virginia,154.5,"14,861",/nchs/pressroom/states/virginia/va.htm
51,2018,Virginia,147.9,14600,/nchs/pressroom/states/virginia/va.htm
51,2019,Virginia,149.1,15062,/nchs/pressroom/states/virginia/va.htm
51,2020,Virginia,152,15678,/nchs/pressroom/states/virginia/va.htm
51,2021,Virginia,167.2,16654,/nchs/pressroom/states/virginia/va.htm
53,2005,Washington,180.5,10985,/nchs/pressroom/states/washington/wa.htm
53,2014,Washington,137.2,"10,710",/nchs/pressroom/states/washington/wa.htm
53,2015,Washington,137.6,"11,025",/nchs/pressroom/states/washington/wa.htm
53,2016,Washington,136.1,"11,161",/nchs/pressroom/states/washington/wa.htm
53,2017,Washington,138.8,"11,582",/nchs/pressroom/states/washington/wa.htm
53,2018,Washington,135.4,11655,/nchs/pressroom/states/washington/wa.htm
53,2019,Washington,134.8,11862,/nchs/pressroom/states/washington/wa.htm
53,2020,Washington,134.6,12084,/nchs/pressroom/states/washington/wa.htm
53,2021,Washington,147.7,12789,/nchs/pressroom/states/washington/wa.htm
54,2005,West Virginia,253.6,5538,/nchs/pressroom/states/westvirginia/wv.htm
54,2014,West Virginia,192.9,"4,692",/nchs/pressroom/states/westvirginia/wv.htm
54,2015,West Virginia,191.3,"4,727",/nchs/pressroom/states/westvirginia/wv.htm
54,2016,West Virginia,191,"4,767",/nchs/pressroom/states/westvirginia/wv.htm
54,2017,West Virginia,192,"4,849",/nchs/pressroom/states/westvirginia/wv.htm
54,2018,West Virginia,196.4,5007,/nchs/pressroom/states/westvirginia/wv.htm
54,2019,West Virginia,197.4,5087,/nchs/pressroom/states/westvirginia/wv.htm
54,2020,West Virginia,197.8,5123,/nchs/pressroom/states/westvirginia/wv.htm
54,2021,West Virginia,223,5549,/nchs/pressroom/states/westvirginia/wv.htm
55,2005,Wisconsin,190.6,11842,/nchs/pressroom/states/wisconsin/wi.htm
55,2014,Wisconsin,155.1,"11,229",/nchs/pressroom/states/wisconsin/wi.htm
55,2015,Wisconsin,156,"11,473",/nchs/pressroom/states/wisconsin/wi.htm
55,2016,Wisconsin,154.9,"11,526",/nchs/pressroom/states/wisconsin/wi.htm
55,2017,Wisconsin,157.6,"11,860",/nchs/pressroom/states/wisconsin/wi.htm
55,2018,Wisconsin,157.8,12061,/nchs/pressroom/states/wisconsin/wi.htm
55,2019,Wisconsin,158.8,12241,/nchs/pressroom/states/wisconsin/wi.htm
55,2020,Wisconsin,162.2,12641,/nchs/pressroom/states/wisconsin/wi.htm
55,2021,Wisconsin,171.7,12791,/nchs/pressroom/states/wisconsin/wi.htm
56,2005,Wyoming,188.3,952,/nchs/pressroom/states/wyoming/wy.htm
56,2014,Wyoming,162.2,"1,035",/nchs/pressroom/states/wyoming/wy.htm
56,2015,Wyoming,159.4,"1,030",/nchs/pressroom/states/wyoming/wy.htm
56,2016,Wyoming,157.8,"1,051",/nchs/pressroom/states/wyoming/wy.htm
56,2017,Wyoming,148.9,"1,001",/nchs/pressroom/states/wyoming/wy.htm
56,2018,Wyoming,152.7,1054,/nchs/pressroom/states/wyoming/wy.htm
56,2019,Wyoming,150.4,1067,/nchs/pressroom/states/wyoming/wy.htm
56,2020,Wyoming,160.4,1174,/nchs/pressroom/states/wyoming/wy.htm
56,2021,Wyoming,159.4,1116,/nchs/pressroom/states/wyoming/wy.htm
